Entry	Protein names	Sequence	EC number
A0A1B0GTW7	Ciliated left-right organizer metallopeptidase (EC 3.4.24.-) (Leishmanolysin-like peptidase 2)	MLLLLLLLLLLPPLVLRVAASRCLHDETQKSVSLLRPPFSQLPSKSRSSSLTLPSSRDPQPLRIQSCYLGDHISDGAWDPEGEGMRGGSRALAAVREATQRIQAVLAVQGPLLLSRDPAQYCHAVWGDPDSPNYHRCSLLNPGYKGESCLGAKIPDTHLRGYALWPEQGPPQLVQPDGPGVQNTDFLLYVRVAHTSKCHQETVSLCCPGWSTAAQSQLTAALTSWAQRRGFVMLPRLCLKLLGSSNLPTLASQSIRITGPSVIAYAACCQLDSEDRPLAGTIVYCAQHLTSPSLSHSDIVMATLHELLHALGFSGQLFKKWRDCPSGFSVRENCSTRQLVTRQDEWGQLLLTTPAVSLSLAKHLGVSGASLGVPLEEEEGLLSSHWEARLLQGSLMTATFDGAQRTRLDPITLAAFKDSGWYQVNHSAAEELLWGQGSGPEFGLVTTCGTGSSDFFCTGSGLGCHYLHLDKGSCSSDPMLEGCRMYKPLANGSECWKKENGFPAGVDNPHGEIYHPQSRCFFANLTSQLLPGDKPRHPSLTPHLKEAELMGRCYLHQCTGRGAYKVQVEGSPWVPCLPGKVIQIPGYYGLLFCPRGRLCQTNEDINAVTSPPVSLSTPDPLFQLSLELAGPPGHSLGKEQQEGLAEAVLEALASKGGTGRCYFHGPSITTSLVFTVHMWKSPGCQGPSVATLHKALTLTLQKKPLEVYHGGANFTTQPSKLLVTSDHNPSMTHLRLSMGLCLMLLILVGVMGTTAYQKRATLPVRPSASYHSPELHSTRVPVRGIREV	3.4.24.-
A1L3X0	Very long chain fatty acid elongase 7 (EC 2.3.1.199) (3-keto acyl-CoA synthase ELOVL7) (ELOVL fatty acid elongase 7) (ELOVL FA elongase 7) (Elongation of very long chain fatty acids protein 7) (Very long chain 3-ketoacyl-CoA synthase 7) (Very long chain 3-oxoacyl-CoA synthase 7)	MAFSDLTSRTVHLYDNWIKDADPRVEDWLLMSSPLPQTILLGFYVYFVTSLGPKLMENRKPFELKKAMITYNFFIVLFSVYMCYEFVMSGWGIGYSFRCDIVDYSRSPTALRMARTCWLYYFSKFIELLDTIFFVLRKKNSQVTFLHVFHHTIMPWTWWFGVKFAAGGLGTFHALLNTAVHVVMYSYYGLSALGPAYQKYLWWKKYLTSLQLVQFVIVAIHISQFFFMEDCKYQFPVFACIIMSYSFMFLLLFLHFWYRAYTKGQRLPKTVKNGTCKNKDN	2.3.1.199
A2RUC4	tRNA wybutosine-synthesizing protein 5 (hTYW5) (tRNA yW-synthesizing protein 5) (EC 1.14.11.42) (tRNA(Phe) (7-(3-amino-3-carboxypropyl)wyosine(37)-C(2))-hydroxylase)	MAGQHLPVPRLEGVSREQFMQHLYPQRKPLVLEGIDLGPCTSKWTVDYLSQVGGKKEVKIHVAAVAQMDFISKNFVYRTLPFDQLVQRAAEEKHKEFFVSEDEKYYLRSLGEDPRKDVADIRKQFPLLKGDIKFPEFFKEEQFFSSVFRISSPGLQLWTHYDVMDNLLIQVTGKKRVVLFSPRDAQYLYLKGTKSEVLNIDNPDLAKYPLFSKARRYECSLEAGDVLFIPALWFHNVISEEFGVGVNIFWKHLPSECYDKTDTYGNKDPTAASRAAQILDRALKTLAELPEEYRDFYARRMVLHIQDKAYSKNSE	1.14.11.42
A5PLL7	Plasmanylethanolamine desaturase 1 (EC 1.14.19.77) (Transmembrane protein 189)	MAGAENWPGQQLELDEDEASCCRWGAQHAGARELAALYSPGKRLQEWCSVILCFSLIAHNLVHLLLLARWEDTPLVILGVVAGALIADFLSGLVHWGADTWGSVELPIVGKAFIRPFREHHIDPTAITRHDFIETNGDNCLVTLLPLLNMAYKFRTHSPEALEQLYPWECFVFCLIIFGTFTNQIHKWSHTYFGLPRWVTLLQDWHVILPRKHHRIHHVSPHETYFCITTGWLNYPLEKIGFWRRLEDLIQGLTGEKPRADDMKWAQKIK	1.14.19.77
C9JRZ8	Aldo-keto reductase family 1 member B15 (EC 1.1.1.-) (EC 1.1.1.300) (EC 1.1.1.54) (Estradiol 17-beta-dehydrogenase AKR1B15) (Farnesol dehydrogenase) (EC 1.1.1.216) (Testosterone 17beta-dehydrogenase) (EC 1.1.1.64)	MATFVELSTKAKMPIVGLGTWRSLLGKVKEAVKVAIDAEYRHIDCAYFYENQHEVGEAIQEKIQEKAVMREDLFIVSKVWPTFFERPLVRKAFEKTLKDLKLSYLDVYLIHWPQGFKTGDDFFPKDDKGNMISGKGTFLDAWEAMEELVDEGLVKALGVSNFNHFQIERLLNKPGLKYKPVTNQVECHPYLTQEKLIQYCHSKGITVTAYSPLGSPDRPWAKPEDPSLLEDPKIKEIAAKHKKTTAQVLIRFHIQRNVTVIPKSMTPAHIVENIQVFDFKLSDEEMATILSFNRNWRAFDFKEFSHLEDFPFDAEY	1.1.1.-; 1.1.1.216; 1.1.1.300; 1.1.1.54; 1.1.1.64
O00115	Deoxyribonuclease-2-alpha (EC 3.1.22.1) (Acid DNase) (Deoxyribonuclease II alpha) (DNase II alpha) (Lysosomal DNase II) (R31240_2)	MIPLLLAALLCVPAGALTCYGDSGQPVDWFVVYKLPALRGSGEAAQRGLQYKYLDESSGGWRDGRALINSPEGAVGRSLQPLYRSNTSQLAFLLYNDQPPQPSKAQDSSMRGHTKGVLLLDHDGGFWLVHSVPNFPPPASSAAYSWPHSACTYGQTLLCVSFPFAQFSKMGKQLTYTYPWVYNYQLEGIFAQEFPDLENVVKGHHVSQEPWNSSITLTSQAGAVFQSFAKFSKFGDDLYSGWLAAALGTNLQVQFWHKTVGILPSNCSDIWQVLNVNQIAFPGPAGPSFNSTEDHSKWCVSPKGPWTCVGDMNRNQGEEQRGGGTLCAQLPALWKAFQPLVKNYQPCNGMARKPSRAYKI	3.1.22.1
O00116	Alkyldihydroxyacetonephosphate synthase, peroxisomal (Alkyl-DHAP synthase) (EC 2.5.1.26) (Aging-associated gene 5 protein) (Alkylglycerone-phosphate synthase)	MAEAAAAAGGTGLGAGASYGSAADRDRDPDPDRAGRRLRVLSGHLLGRPREALSTNECKARRAASAATAAPTATPAAQESGTIPKKRQEVMKWNGWGYNDSKFIFNKKGQIELTGKRYPLSGMGLPTFKEWIQNTLGVNVEHKTTSKASLNPSDTPPSVVNEDFLHDLKETNISYSQEADDRVFRAHGHCLHEIFLLREGMFERIPDIVLWPTCHDDVVKIVNLACKYNLCIIPIGGGTSVSYGLMCPADETRTIISLDTSQMNRILWVDENNLTAHVEAGITGQELERQLKESGYCTGHEPDSLEFSTVGGWVSTRASGMKKNIYGNIEDLVVHIKMVTPRGIIEKSCQGPRMSTGPDIHHFIMGSEGTLGVITEATIKIRPVPEYQKYGSVAFPNFEQGVACLREIAKQRCAPASIRLMDNKQFQFGHALKPQVSSIFTSFLDGLKKFYITKFKGFDPNQLSVATLLFEGDREKVLQHEKQVYDIAAKFGGLAAGEDNGQRGYLLTYVIAYIRDLALEYYVLGESFETSAPWDRVVDLCRNVKERITRECKEKGVQFAPFSTCRVTQTYDAGACIYFYFAFNYRGISDPLTVFEQTEAAAREEILANGGSLSHHHGVGKLRKQWLKESISDVGFGMLKSVKEYVDPNNIFGNRNLL	2.5.1.26
O00237	E3 ubiquitin-protein ligase RNF103 (EC 2.3.2.27) (KF-1) (hKF-1) (RING finger protein 103) (RING-type E3 ubiquitin transferase RNF103) (Zinc finger protein 103 homolog) (Zfp-103)	MWLKLFFLLLYFLVLFVLARFFEAIVWYETGIFATQLVDPVALSFKKLKTILECRGLGYSGLPEKKDVRELVEKSGDLMEGELYSALKEEEASESVSSTNFSGEMHFYELVEDTKDGIWLVQVIANDRSPLVGKIHWEKMVKKVSRFGIRTGTFNCSSDPRYCRRRGWVRSTLIMSVPQTSTSKGKVMLKEYSGRKIEVEHIFKWITAHAASRIKTIYNAEHLKEEWNKSDQYWLKIYLFANLDQPPAFFSALSIKFTGRVEFIFVNVENWDNKSYMTDIGIYNMPSYILRTPEGIYRYGNHTGEFISLQAMDSFLRSLQPEVNDLFVLSLVLVNLMAWMDLFITQGATIKRFVVLISTLGTYNSLLIISWLPVLGFLQLPYLDSFYEYSLKLLRYSNTTTLASWVRADWMFYSSHPALFLSTYLGHGLLIDYFEKKRRRNNNNDEVNANNLEWLSSLWDWYTSYLFHPIASFQNFPVESDWDEDPDLFLERLAFPDLWLHPLIPTDYIKNLPMWRFKCLGVQSEEEMSEGSQDTENDSESENTDTLSSEKEVFEDKQSVLHNSPGTASHCDAEACSCANKYCQTSPCERKGRSYGSYNTNEDMEPDWLTWPADMLHCTECVVCLENFENGCLLMGLPCGHVFHQNCIVMWLAGGRHCCPVCRWPSYKKKQPYAQHQPLSNDVPS	2.3.2.27
O00329	Phosphatidylinositol 4,5-bisphosphate 3-kinase catalytic subunit delta isoform (PI3-kinase subunit delta) (PI3K-delta) (PI3Kdelta) (PtdIns-3-kinase subunit delta) (EC 2.7.1.137) (EC 2.7.1.153) (Phosphatidylinositol 4,5-bisphosphate 3-kinase 110 kDa catalytic subunit delta) (PtdIns-3-kinase subunit p110-delta) (p110delta)	MPPGVDCPMEFWTKEENQSVVVDFLLPTGVYLNFPVSRNANLSTIKQLLWHRAQYEPLFHMLSGPEAYVFTCINQTAEQQELEDEQRRLCDVQPFLPVLRLVAREGDRVKKLINSQISLLIGKGLHEFDSLCDPEVNDFRAKMCQFCEEAAARRQQLGWEAWLQYSFPLQLEPSAQTWGPGTLRLPNRALLVNVKFEGSEESFTFQVSTKDVPLALMACALRKKATVFRQPLVEQPEDYTLQVNGRHEYLYGSYPLCQFQYICSCLHSGLTPHLTMVHSSSILAMRDEQSNPAPQVQKPRAKPPPIPAKKPSSVSLWSLEQPFRIELIQGSKVNADERMKLVVQAGLFHGNEMLCKTVSSSEVSVCSEPVWKQRLEFDINICDLPRMARLCFALYAVIEKAKKARSTKKKSKKADCPIAWANLMLFDYKDQLKTGERCLYMWPSVPDEKGELLNPTGTVRSNPNTDSAAALLICLPEVAPHPVYYPALEKILELGRHSECVHVTEEEQLQLREILERRGSGELYEHEKDLVWKLRHEVQEHFPEALARLLLVTKWNKHEDVAQMLYLLCSWPELPVLSALELLDFSFPDCHVGSFAIKSLRKLTDDELFQYLLQLVQVLKYESYLDCELTKFLLDRALANRKIGHFLFWHLRSEMHVPSVALRFGLILEAYCRGSTHHMKVLMKQGEALSKLKALNDFVKLSSQKTPKPQTKELMHLCMRQEAYLEALSHLQSPLDPSTLLAEVCVEQCTFMDSKMKPLWIMYSNEEAGSGGSVGIIFKNGDDLRQDMLTLQMIQLMDVLWKQEGLDLRMTPYGCLPTGDRTGLIEVVLRSDTIANIQLNKSNMAATAAFNKDALLNWLKSKNPGEALDRAIEEFTLSCAGYCVATYVLGIGDRHSDNIMIRESGQLFHIDFGHFLGNFKTKFGINRERVPFILTYDFVHVIQQGKTNNSEKFERFRGYCERAYTILRRHGLLFLHLFALMRAAGLPELSCSKDIQYLKDSLALGKTEEEALKHFRVKFNEALRESWKTKVNWLAHNVSKDNRQ	2.7.1.137; 2.7.1.153
O00444	Serine/threonine-protein kinase PLK4 (EC 2.7.11.21) (Polo-like kinase 4) (PLK-4) (Serine/threonine-protein kinase 18) (Serine/threonine-protein kinase Sak)	MATCIGEKIEDFKVGNLLGKGSFAGVYRAESIHTGLEVAIKMIDKKAMYKAGMVQRVQNEVKIHCQLKHPSILELYNYFEDSNYVYLVLEMCHNGEMNRYLKNRVKPFSENEARHFMHQIITGMLYLHSHGILHRDLTLSNLLLTRNMNIKIADFGLATQLKMPHEKHYTLCGTPNYISPEIATRSAHGLESDVWSLGCMFYTLLIGRPPFDTDTVKNTLNKVVLADYEMPSFLSIEAKDLIHQLLRRNPADRLSLSSVLDHPFMSRNSSTKSKDLGTVEDSIDSGHATISTAITASSSTSISGSLFDKRRLLIGQPLPNKMTVFPKNKSSTDFSSSGDGNSFYTQWGNQETSNSGRGRVIQDAEERPHSRYLRRAYSSDRSGTSNSQSQAKTYTMERCHSAEMLSVSKRSGGGENEERYSPTDNNANIFNFFKEKTSSSSGSFERPDNNQALSNHLCPGKTPFPFADPTPQTETVQQWFGNLQINAHLRKTTEYDSISPNRDFQGHPDLQKDTSKNAWTDTKVKKNSDASDNAHSVKQQNTMKYMTALHSKPEIIQQECVFGSDPLSEQSKTRGMEPPWGYQNRTLRSITSPLVAHRLKPIRQKTKKAVVSILDSEEVCVELVKEYASQEYVKEVLQISSDGNTITIYYPNGGRGFPLADRPPSPTDNISRYSFDNLPEKYWRKYQYASRFVQLVRSKSPKITYFTRYAKCILMENSPGADFEVWFYDGVKIHKTEDFIQVIEKTGKSYTLKSESEVNSLKEEIKMYMDHANEGHRICLALESIISEEERKTRSAPFFPIIIGRKPGSTSSPKALSPPPSVDSNYPTRERASFNRMVMHSAASPTQAPILNPSMVTNEGLGLTTTASGTDISSNSLKDCLPKSAQLLKSVFVKNVGWATQLTSGAVWVQFNDGSQLVVQAGVSSISYTSPNGQTTRYGENEKLPDYIKQKLQCLSSILLMFSNPTPNFH	2.7.11.21
O00462	Beta-mannosidase (EC 3.2.1.25) (Lysosomal beta A mannosidase) (Mannanase) (Mannase)	MRLHLLLLLALCGAGTTAAELSYSLRGNWSICNGNGSLELPGAVPGCVHSALFQQGLIQDSYYRFNDLNYRWVSLDNWTYSKEFKIPFEISKWQKVNLILEGVDTVSKILFNEVTIGETDNMFNRYSFDITNVVRDVNSIELRFQSAVLYAAQQSKAHTRYQVPPDCPPLVQKGECHVNFVRKEQCSFSWDWGPSFPTQGIWKDVRIEAYNICHLNYFTFSPIYDKSAQEWNLEIESTFDVVSSKPVGGQVIVAIPKLQTQQTYSIELQPGKRIVELFVNISKNITVETWWPHGHGNQTGYNMTVLFELDGGLNIEKSAKVYFRTVELIEEPIKGSPGLSFYFKINGFPIFLKGSNWIPADSFQDRVTSELLRLLLQSVVDANMNTLRVWGGGIYEQDEFYELCDELGIMVWQDFMFACALYPTDQGFLDSVTAEVAYQIKRLKSHPSIIIWSGNNENEEALMMNWYHISFTDRPIYIKDYVTLYVKNIRELVLAGDKSRPFITSSPTNGAETVAEAWVSQNPNSNYFGDVHFYDYISDCWNWKVFPKARFASEYGYQSWPSFSTLEKVSSTEDWSFNSKFSLHRQHHEGGNKQMLYQAGLHFKLPQSTDPLRTFKDTIYLTQVMQAQCVKTETEFYRRSRSEIVDQQGHTMGALYWQLNDIWQAPSWASLEYGGKWKMLHYFAQNFFAPLLPVGFENENTFYIYGVSDLHSDYSMTLSVRVHTWSSLEPVCSRVTERFVMKGGEAVCLYEEPVSELLRRCGNCTRESCVVSFYLSADHELLSPTNYHFLSSPKEAVGLCKAQITAIISQQGDIFVFDLETSAVAPFVWLDVGSIPGRFSDNGFLMTEKTRTILFYPWEPTSKNELEQSFHVTSLTDIY	3.2.1.25
O00487	26S proteasome non-ATPase regulatory subunit 14 (EC 3.4.19.-) (26S proteasome regulatory subunit RPN11) (26S proteasome-associated PAD1 homolog 1)	MDRLLRLGGGMPGLGQGPPTDAPAVDTAEQVYISSLALLKMLKHGRAGVPMEVMGLMLGEFVDDYTVRVIDVFAMPQSGTGVSVEAVDPVFQAKMLDMLKQTGRPEMVVGWYHSHPGFGCWLSGVDINTQQSFEALSERAVAVVVDPIQSVKGKVVIDAFRLINANMMVLGHEPRQTTSNLGHLNKPSIQALIHGLNRHYYSITINYRKNELEQKMLLNLHKKSWMEGLTLQDYSEHCKHNESVVKEMLELAKNYNKAVEEEDKMTPEQLAIKNVGKQDPKRHLEEHVDVLMTSNIVQCLAAMLDTVVFK	3.4.19.-
O00506	Serine/threonine-protein kinase 25 (EC 2.7.11.1) (Ste20-like kinase) (Sterile 20/oxidant stress-response kinase 1) (SOK-1) (Ste20/oxidant stress response kinase 1)	MAHLRGFANQHSRVDPEELFTKLDRIGKGSFGEVYKGIDNHTKEVVAIKIIDLEEAEDEIEDIQQEITVLSQCDSPYITRYFGSYLKSTKLWIIMEYLGGGSALDLLKPGPLEETYIATILREILKGLDYLHSERKIHRDIKAANVLLSEQGDVKLADFGVAGQLTDTQIKRNTFVGTPFWMAPEVIKQSAYDFKADIWSLGITAIELAKGEPPNSDLHPMRVLFLIPKNSPPTLEGQHSKPFKEFVEACLNKDPRFRPTAKELLKHKFITRYTKKTSFLTELIDRYKRWKSEGHGEESSSEDSDIDGEAEDGEQGPIWTFPPTIRPSPHSKLHKGTALHSSQKPAEPVKRQPRSQCLSTLVRPVFGELKEKHKQSGGSVGALEELENAFSLAEESCPGISDKLMVHLVERVQRFSHNRNHLTSTR	2.7.11.1
O00507	Ubiquitin carboxyl-terminal hydrolase 9Y (EC 3.4.19.12) (Deubiquitinating enzyme FAF-Y) (Fat facets protein-related, Y-linked) (Ubiquitin thioesterase FAF-Y) (Ubiquitin-specific protease 9, Y chromosome) (Ubiquitin-specific-processing protease FAF-Y)	MTAITHGSPVGGNDSQGQVLDGQSQHLFQQNQTSSPDSSNENSVATPPPEEQGQGDAPPQHEDEEPAFPHTELANLDDMINRPRWVVPVLPKGELEVLLEAAIDLSVKGLDVKSEACQRFFRDGLTISFTKILMDEAVSGWKFEIHRCIINNTHRLVELCVAKLSQDWFPLLELLAMALNPHCKFHIYNGTRPCELISSNAQLPEDELFARSSDPRSPKGWLVDLINKFGTLNGFQILHDRFFNGSALNIQIIAALIKPFGQCYEFLSQHTLKKYFIPVIEIVPHLLENLTDEELKKEAKNEAKNDALSMIIKSLKNLASRISGQDETIKNLEIFRLKMILRLLQISSFNGKMNALNEINKVISSVSYYTHRHSNPEEEEWLTAERMAEWIQQNNILSIVLQDSLHQPQYVEKLEKILRFVIKEKALTLQDLDNIWAAQAGKHEAIVKNVHDLLAKLAWDFSPGQLDHLFDCFKASWTNASKKQREKLLELIRRLAEDDKDGVMAHKVLNLLWNLAQSDDVPVDIMDLALSAHIKILDYSCSQDRDAQKIQWIDHFIEELRTNDKWVIPALKQIREICSLFGEASQNLSQTQRSPHIFYRHDLINQLQQNHALVTLVAENLATYMNSIRLYAGDHEDYDPQTVRLGSRYSHVQEVQERLNFLRFLLKDGQLWLCAPQAKQIWKCLAENAVYLCDREACFKWYSKLMGDEPDLDPDINKDFFESNVLQLDPSLLTENGMKCFERFFKAVNCRERKLIAKRRSYMMDDLELIGLDYLWRVVIQSSDEIANRAIDLLKEIYTNLGPRLKANQVVIHEDFIQSCFDRLKASYDTLCVFDGDKNSINCARQEAIRMVRVLTVIKEYINECDSDYHKERMILPMSRAFRGKHLSLIVRFPNQGRQVDELDIWSHTNDTIGSVRRCIVNRIKANVAHKKIELFVGGELIDSEDDRKLIGQLNLKDKSLITAKLTQINFNMPSSPDSSSDSSTASPGNHRNHYNDGPNLEVESCLPGVIMSVHPRYISFLWQVADLGSNLNMPPLRDGARVLMKLMPPDRTAVEKLRAVCLDHAKLGEGKLSPPLDSLFFGPSASQVLYLTEVVYALLMPAGVPLTDGSSDFQVHFLKSGGLPLVLSMLIRNNFLPNTDMETRRGAYLNALKIAKLLLTAIGYGHVRAVAEACQPVVDGTDPITQINQVTHDQAVVLQSALQSIPNPSSECVLRNESILLAQEISNEASRYMPDICVIRAIQKIIWASACGALGLVFSPNEEITKIYQMTTNGSNKLEVEDEQVCCEALEVMTLCFALLPTALDALSKEKAWQTFIIDLLLHCPSKTVRQLAQEQFFLMCTRCCMGHRPLLFFITLLFTILGSTAREKGKYSGDYFTLLRHLLNYAYNGNINIPNAEVLLVSEIDWLKRIRDNVKNTGETGVEEPILEGHLGVTKELLAFQTSEKKYHFGCEKGGANLIKELIDDFIFPASKVYLQYLRSGELPAEQAIPVCSSPVTINAGFELLVALAIGCVRNLKQIVDCLTEMYYMGTAITTCEALTEWEYLPPVGPRPPKGFVGLKNAGATCYMNSVIQQLYMIPSIRNSILAIEGTGSDLHDDMFGDEKQDSESNVDPRDDVFGYPHQFEDKPALSKTEDRKEYNIGVLRHLQVIFGHLAASQLQYYVPRGFWKQFRLWGEPVNLREQHDALEFFNSLVDSLDEALKALGHPAILSKVLGGSFADQKICQGCPHRYECEESFTTLNVDIRNHQNLLDSLEQYIKGDLLEGANAYHCEKCDKKVDTVKRLLIKKLPRVLAIQLKRFDYDWERECAIKFNDYFEFPRELDMGPYTVAGVANLERDNVNSENELIEQKEQSDNETAGGTKYRLVGVLVHSGQASGGHYYSYIIQRNGKDDQTDHWYKFDDGDVTECKMDDDEEMKNQCFGGEYMGEVFDHMMKRMSYRRQKRWWNAYILFYEQMDMIDEDDEMIRYISELTIARPHQIIMSPAIERSVRKQNVKFMHNRLQYSLEYFQFVKKLLTCNGVYLNPAPGQDYLLPEAEEITMISIQLAARFLFTTGFHTKKIVRGPASDWYDALCVLLRHSKNVRFWFTHNVLFNVSNRFSEYLLECPSAEVRGAFAKLIVFIAHFSLQDGSCPSPFASPGPSSQACDNLSLSDHLLRATLNLLRREVSEHGHHLQQYFNLFVMYANLGVAEKTQLLKLNVPATFMLVSLDEGPGPPIKYQYAELGKLYSVVSQLIRCCNVSSTMQSSINGNPPLPNPFGDLNLSQPIMPIQQNVLDILFVRTSYVKKIIEDCSNSEDTIKLLRFCSWENPQFSSTVLSELLWQVAYSYTYELRPYLDLLFQILLIEDSWQTHRIHNALKGIPDDRDGLFDTIQRSKNHYQKRAYQCIKCMVALFSSCPVAYQILQGNGDLKRKWTWAVEWLGDELERRPYTGNPQYSYNNWSPPVQSNETANGYFLERSHSARMTLAKACELCPEEEPDDQDAPDEHEPSPSEDAPLYPHSPASQYQQNNHVHGQPYTGPAAHHLNNPQKTGQRTQENYEGNEEVSSPQMKDQ	3.4.19.12
O00635	E3 ubiquitin-protein ligase TRIM38 (EC 2.3.2.27) (RING finger protein 15) (Tripartite motif-containing protein 38) (Zinc finger protein RoRet)	MASTTSTKKMMEEATCSICLSLMTNPVSINCGHSYCHLCITDFFKNPSQKQLRQETFCCPQCRAPFHMDSLRPNKQLGSLIEALKETDQEMSCEEHGEQFHLFCEDEGQLICWRCERAPQHKGHTTALVEDVCQGYKEKLQKAVTKLKQLEDRCTEQKLSTAMRITKWKEKVQIQRQKIRSDFKNLQCFLHEEEKSYLWRLEKEEQQTLSRLRDYEAGLGLKSNELKSHILELEEKCQGSAQKLLQNVNDTLSRSWAVKLETSEAVSLELHTMCNVSKLYFDVKKMLRSHQVSVTLDPDTAHHELILSEDRRQVTRGYTQENQDTSSRRFTAFPCVLGCEGFTSGRRYFEVDVGEGTGWDLGVCMENVQRGTGMKQEPQSGFWTLRLCKKKGYVALTSPPTSLHLHEQPLLVGIFLDYEAGVVSFYNGNTGCHIFTFPKASFSDTLRPYFQVYQYSPLFLPPPGD	2.3.2.27
O00746	Nucleoside diphosphate kinase, mitochondrial (NDK) (NDP kinase, mitochondrial) (EC 2.7.4.6) (Nucleoside diphosphate kinase D) (NDPKD) (nm23-H4)	MGGLFWRSALRGLRCGPRAPGPSLLVRHGSGGPSWTRERTLVAVKPDGVQRRLVGDVIQRFERRGFTLVGMKMLQAPESVLAEHYQDLRRKPFYPALIRYMSSGPVVAMVWEGYNVVRASRAMIGHTDSAEAAPGTIRGDFSVHISRNVIHASDSVEGAQREIQLWFQSSELVSWADGGQHSSIHPA	2.7.4.6
O00748	Cocaine esterase (EC 3.1.1.84) (Carboxylesterase 2) (CE-2) (hCE-2) (EC 3.1.1.1) (Methylumbelliferyl-acetate deacetylase 2) (EC 3.1.1.56)	MRLHRLRARLSAVACGLLLLLVRGQGQDSASPIRTTHTGQVLGSLVHVKGANAGVQTFLGIPFAKPPLGPLRFAPPEPPESWSGVRDGTTHPAMCLQDLTAVESEFLSQFNMTFPSDSMSEDCLYLSIYTPAHSHEGSNLPVMVWIHGGALVFGMASLYDGSMLAALENVVVVIIQYRLGVLGFFSTGDKHATGNWGYLDQVAALRWVQQNIAHFGGNPDRVTIFGESAGGTSVSSLVVSPISQGLFHGAIMESGVALLPGLIASSADVISTVVANLSACDQVDSEALVGCLRGKSKEEILAINKPFKMIPGVVDGVFLPRHPQELLASADFQPVPSIVGVNNNEFGWLIPKVMRIYDTQKEMDREASQAALQKMLTLLMLPPTFGDLLREEYIGDNGDPQTLQAQFQEMMADSMFVIPALQVAHFQCSRAPVYFYEFQHQPSWLKNIRPPHMKADHGDELPFVFRSFFGGNYIKFTEEEEQLSRKMMKYWANFARNGNPNGEGLPHWPLFDQEEQYLQLNLQPAVGRALKAHRLQFWKKALPQKIQELEEPEERHTEL	3.1.1.1; 3.1.1.56; 3.1.1.84
O00762	Ubiquitin-conjugating enzyme E2 C (EC 2.3.2.23) ((E3-independent) E2 ubiquitin-conjugating enzyme C) (EC 2.3.2.24) (E2 ubiquitin-conjugating enzyme C) (UbcH10) (Ubiquitin carrier protein C) (Ubiquitin-protein ligase C)	MASQNRDPAATSVAAARKGAEPSGGAARGPVGKRLQQELMTLMMSGDKGISAFPESDNLFKWVGTIHGAAGTVYEDLRYKLSLEFPSGYPYNAPTVKFLTPCYHPNVDTQGNICLDILKEKWSALYDVRTILLSIQSLLGEPNIDSPLNTHAAELWKNPTAFKKYLQETYSKQVTSQEP	2.3.2.23; 2.3.2.24
O14638	Ectonucleotide pyrophosphatase/phosphodiesterase family member 3 (E-NPP 3) (NPP3) (Alkaline phosphodiesterase I) (EC 3.1.4.1) (Dinucleoside polyphosphatase) (EC 3.6.1.-) (Nucleotide diphosphatase) (Nucleotide pyrophosphatase) (NPPase) (EC 3.6.1.9) (Phosphodiesterase I beta) (PD-Ibeta) (Phosphodiesterase I/nucleotide pyrophosphatase 3) (CD antigen CD203c)	MESTLTLATEQPVKKNTLKKYKIACIVLLALLVIMSLGLGLGLGLRKLEKQGSCRKKCFDASFRGLENCRCDVACKDRGDCCWDFEDTCVESTRIWMCNKFRCGETRLEASLCSCSDDCLQRKDCCADYKSVCQGETSWLEENCDTAQQSQCPEGFDLPPVILFSMDGFRAEYLYTWDTLMPNINKLKTCGIHSKYMRAMYPTKTFPNHYTIVTGLYPESHGIIDNNMYDVNLNKNFSLSSKEQNNPAWWHGQPMWLTAMYQGLKAATYFWPGSEVAINGSFPSIYMPYNGSVPFEERISTLLKWLDLPKAERPRFYTMYFEEPDSSGHAGGPVSARVIKALQVVDHAFGMLMEGLKQRNLHNCVNIILLADHGMDQTYCNKMEYMTDYFPRINFFYMYEGPAPRIRAHNIPHDFFSFNSEEIVRNLSCRKPDQHFKPYLTPDLPKRLHYAKNVRIDKVHLFVDQQWLAVRSKSNTNCGGGNHGYNNEFRSMEAIFLAHGPSFKEKTEVEPFENIEVYNLMCDLLRIQPAPNNGTHGSLNHLLKVPFYEPSHAEEVSKFSVCGFANPLPTESLDCFCPHLQNSTQLEQVNQMLNLTQEEITATVKVNLPFGRPRVLQKNVDHCLLYHREYVSGFGKAMRMPMWSSYTVPQLGDTSPLPPTVPDCLRADVRVPPSESQKCSFYLADKNITHGFLYPPASNRTSDSQYDALITSNLVPMYEEFRKMWDYFHSVLLIKHATERNGVNVVSGPIFDYNYDGHFDAPDEITKHLANTDVPIPTHYFVVLTSCKNKSHTPENCPGWLDVLPFIIPHRPTNVESCPEGKPEALWVEERFTAHIARVRDVELLTGLDFYQDKVQPVSEILQLKTYLPTFETTI	3.1.4.1; 3.6.1.-; 3.6.1.9
O14657	Torsin-1B (Torsin ATPase-1B) (EC 3.6.4.-) (Torsin family 1 member B)	MLRAGWLRGAAALALLLAARVVAAFEPITVGLAIGAASAITGYLSYNDIYCRFAECCREERPLNASALKLDLEEKLFGQHLATEVIFKALTGFRNNKNPKKPLTLSLHGWAGTGKNFVSQIVAENLHPKGLKSNFVHLFVSTLHFPHEQKIKLYQDQLQKWIRGNVSACANSVFIFDEMDKLHPGIIDAIKPFLDYYEQVDGVSYRKAIFIFLSNAGGDLITKTALDFWRAGRKREDIQLKDLEPVLSVGVFNNKHSGLWHSGLIDKNLIDYFIPFLPLEYRHVKMCVRAEMRARGSAIDEDIVTRVAEEMTFFPRDEKIYSDKGCKTVQSRLDFH	3.6.4.-
O14744	Protein arginine N-methyltransferase 5 (PRMT5) (EC 2.1.1.320) (72 kDa ICln-binding protein) (Histone-arginine N-methyltransferase PRMT5) (Jak-binding protein 1) (Shk1 kinase-binding protein 1 homolog) (SKB1 homolog) (SKB1Hs) [Cleaved into: Protein arginine N-methyltransferase 5, N-terminally processed]	MAAMAVGGAGGSRVSSGRDLNCVPEIADTLGAVAKQGFDFLCMPVFHPRFKREFIQEPAKNRPGPQTRSDLLLSGRDWNTLIVGKLSPWIRPDSKVEKIRRNSEAAMLQELNFGAYLGLPAFLLPLNQEDNTNLARVLTNHIHTGHHSSMFWMRVPLVAPEDLRDDIIENAPTTHTEEYSGEEKTWMWWHNFRTLCDYSKRIAVALEIGADLPSNHVIDRWLGEPIKAAILPTSIFLTNKKGFPVLSKMHQRLIFRLLKLEVQFIITGTNHHSEKEFCSYLQYLEYLSQNRPPPNAYELFAKGYEDYLQSPLQPLMDNLESQTYEVFEKDPIKYSQYQQAIYKCLLDRVPEEEKDTNVQVLMVLGAGRGPLVNASLRAAKQADRRIKLYAVEKNPNAVVTLENWQFEEWGSQVTVVSSDMREWVAPEKADIIVSELLGSFADNELSPECLDGAQHFLKDDGVSIPGEYTSFLAPISSSKLYNEVRACREKDRDPEAQFEMPYVVRLHNFHQLSAPQPCFTFSHPNRDPMIDNNRYCTLEFPVEVNTVLHGFAGYFETVLYQDITLSIRPETHSPGMFSWFPILFPIKQPITVREGQTICVRFWRCSNSKKVWYEWAVTAPVCSAIHNPTGRSYTIGL	2.1.1.320
O14756	17-beta-hydroxysteroid dehydrogenase type 6 (17-beta-HSD 6) (17-beta-HSD6) (EC 1.1.1.105) (EC 1.1.1.209) (EC 1.1.1.239) (EC 1.1.1.53) (EC 1.1.1.62) (3-alpha->beta-hydroxysteroid epimerase) (3-alpha->beta-HSE) (Oxidative 3-alpha hydroxysteroid dehydrogenase) (Short chain dehydrogenase/reductase family 9C member 6)	MWLYLAAFVGLYYLLHWYRERQVVSHLQDKYVFITGCDSGFGNLLARQLDARGLRVLAACLTEKGAEQLRGQTSDRLETVTLDVTKMESIAAATQWVKEHVGDRGLWGLVNNAGILTPITLCEWLNTEDSMNMLKVNLIGVIQVTLSMLPLVRRARGRIVNVSSILGRVAFFVGGYCVSKYGVEAFSDILRREIQHFGVKISIVEPGYFRTGMTNMTQSLERMKQSWKEAPKHIKETYGQQYFDALYNIMKEGLLNCSTNLNLVTDCMEHALTSVHPRTRYSAGWDAKFFFIPLSYLPTSLADYILTRSWPKPAQAV	1.1.1.105; 1.1.1.209; 1.1.1.239; 1.1.1.53; 1.1.1.62
O14757	Serine/threonine-protein kinase Chk1 (EC 2.7.11.1) (CHK1 checkpoint homolog) (Cell cycle checkpoint kinase) (Checkpoint kinase-1)	MAVPFVEDWDLVQTLGEGAYGEVQLAVNRVTEEAVAVKIVDMKRAVDCPENIKKEICINKMLNHENVVKFYGHRREGNIQYLFLEYCSGGELFDRIEPDIGMPEPDAQRFFHQLMAGVVYLHGIGITHRDIKPENLLLDERDNLKISDFGLATVFRYNNRERLLNKMCGTLPYVAPELLKRREFHAEPVDVWSCGIVLTAMLAGELPWDQPSDSCQEYSDWKEKKTYLNPWKKIDSAPLALLHKILVENPSARITIPDIKKDRWYNKPLKKGAKRPRVTSGGVSESPSGFSKHIQSNLDFSPVNSASSEENVKYSSSQPEPRTGLSLWDTSPSYIDKLVQGISFSQPTCPDHMLLNSQLLGTPGSSQNPWQRLVKRMTRFFTKLDADKSYQCLKETCEKLGYQWKKSCMNQVTISTTDRRNNKLIFKVNLLEMDDKILVDFRLSKGDGLEFKRHFLKIKGKLIDIVSSQKIWLPAT	2.7.11.1
O14933	Ubiquitin/ISG15-conjugating enzyme E2 L6 (EC 2.3.2.23) (E2 ubiquitin-conjugating enzyme L6) (Retinoic acid-induced gene B protein) (RIG-B) (UbcH8) (Ubiquitin carrier protein L6) (Ubiquitin-protein ligase L6)	MMASMRVVKELEDLQKKPPPYLRNLSSDDANVLVWHALLLPDQPPYHLKAFNLRISFPPEYPFKPPMIKFTTKIYHPNVDENGQICLPIISSENWKPCTKTCQVLEALNVLVNRPNIREPLRMDLADLLTQNPELFRKNAEEFTLRFGVDRPS	2.3.2.23
O14939	Phospholipase D2 (PLD 2) (hPLD2) (EC 3.1.4.4) (Choline phosphatase 2) (PLD1C) (Phosphatidylcholine-hydrolyzing phospholipase D2)	MTATPESLFPTGDELDSSQLQMESDEVDTLKEGEDPADRMHPFLAIYELQSLKVHPLVFAPGVPVTAQVVGTERYTSGSKVGTCTLYSVRLTHGDFSWTTKKKYRHFQELHRDLLRHKVLMSLLPLARFAVAYSPARDAGNREMPSLPRAGPEGSTRHAASKQKYLENYLNRLLTMSFYRNYHAMTEFLEVSQLSFIPDLGRKGLEGMIRKRSGGHRVPGLTCCGRDQVCYRWSKRWLVVKDSFLLYMCLETGAISFVQLFDPGFEVQVGKRSTEARHGVRIDTSHRSLILKCSSYRQARWWAQEITELAQGPGRDFLQLHRHDSYAPPRPGTLARWFVNGAGYFAAVADAILRAQEEIFITDWWLSPEVYLKRPAHSDDWRLDIMLKRKAEEGVRVSILLFKEVELALGINSGYSKRALMLLHPNIKVMRHPDQVTLWAHHEKLLVVDQVVAFLGGLDLAYGRWDDLHYRLTDLGDSSESAASQPPTPRPDSPATPDLSHNQFFWLGKDYSNLITKDWVQLDRPFEDFIDRETTPRMPWRDVGVVVHGLPARDLARHFIQRWNFTKTTKAKYKTPTYPYLLPKSTSTANQLPFTLPGGQCTTVQVLRSVDRWSAGTLENSILNAYLHTIRESQHFLYIENQFFISCSDGRTVLNKVGDEIVDRILKAHKQGWCYRVYVLLPLLPGFEGDISTGGGNSIQAILHFTYRTLCRGEYSILHRLKAAMGTAWRDYISICGLRTHGELGGHPVSELIYIHSKVLIADDRTVIIGSANINDRSLLGKRDSELAVLIEDTETEPSLMNGAEYQAGRFALSLRKHCFGVILGANTRPDLDLRDPICDDFFQLWQDMAESNANIYEQIFRCLPSNATRSLRTLREYVAVEPLATVSPPLARSELTQVQGHLVHFPLKFLEDESLLPPLGSKEGMIPLEVWT	3.1.4.4
